first_name,last_name,email,username,password, position
Thibaud,Roon,troon0@sourceforge.net,troon0,VuucK8xUz, true
Nessa,Lyne,nlyne1@amazon.co.uk,nlyne1,5qhsyry5NQQG, false
Deane,Toppes,dtoppes2@jiathis.com,dtoppes2,QZU1OmC, true
Scottie,Rubroe,srubroe3@upenn.edu,srubroe3,Lbhr4TUP, false
Fan,Barbosa,fbarbosa4@mapquest.com,fbarbosa4,4aplT7z, true
Skelly,Spirritt,sspirritt5@tmall.com,sspirritt5,QIPbkPS, false
Kora,Isaacs,kisaacs6@ow.ly,kisaacs6,HF3kYsg5FF, true
Bernardo,Snell,bsnell7@addtoany.com,bsnell7,KWkQj50y, true
Lynnette,Semon,lsemon8@netvibes.com,lsemon8,cs8Xl8p, false
Riley,Gossling,rgossling9@geocities.com,rgossling9,hoRmkwHkzk, true
